page_key,present_in_model_a,present_in_model_b,human_review,review_reason
test_13_24,false,true,true,missing_entire_page_from_surya
test_13_32,false,true,true,missing_entire_page_from_surya
val_4_69,false,true,true,missing_entire_page_from_surya
val_4_149,false,true,true,missing_entire_page_from_surya
val_4_155,false,true,true,missing_entire_page_from_surya
val_4_189,false,true,true,missing_entire_page_from_surya
val_4_206,false,true,true,missing_entire_page_from_surya
val_4_219,false,true,true,missing_entire_page_from_surya
val_4_233,false,true,true,missing_entire_page_from_surya
val_4_238,false,true,true,missing_entire_page_from_surya
val_10_53,false,true,true,missing_entire_page_from_surya
val_10_89,false,true,true,missing_entire_page_from_surya
val_10_108,false,true,true,missing_entire_page_from_surya
val_10_179,false,true,true,missing_entire_page_from_surya
val_10_350,false,true,true,missing_entire_page_from_surya
val_10_386,false,true,true,missing_entire_page_from_surya
val_10_469,false,true,true,missing_entire_page_from_surya
val_10_480,false,true,true,missing_entire_page_from_surya
