model,comparison,image_key,excluded_stage,reason
surya,raw_to_run_1,test/13/13/19,run_1,missing run_1 record
surya,raw_to_run_1,test/13/13/20,run_1,missing run_1 record
surya,raw_to_run_1,test/13/13/21,run_1,missing run_1 record
surya,raw_to_run_1,test/13/13/22,run_1,missing run_1 record
surya,raw_to_run_1,test/13/13/23,run_1,missing run_1 record
surya,raw_to_run_1,test/13/13/24,run_1,missing run_1 record
surya,raw_to_run_1,test/13/23/1,run_1,missing run_1 record
surya,raw_to_run_1,test/13/23/2,run_1,missing run_1 record
surya,raw_to_run_1,test/13/23/3,run_1,missing run_1 record
surya,raw_to_run_1,test/13/23/4,run_1,missing run_1 record
surya,raw_to_run_1,test/13/23/5,run_1,missing run_1 record
surya,run_1_to_run_2,test/13/13/19,run_1,missing run_1 record
surya,run_1_to_run_2,test/13/13/20,run_1,missing run_1 record
surya,run_1_to_run_2,test/13/13/21,run_1,missing run_1 record
surya,run_1_to_run_2,test/13/13/22,run_1,missing run_1 record
surya,run_1_to_run_2,test/13/13/23,run_1,missing run_1 record
surya,run_1_to_run_2,test/13/13/24,run_1,missing run_1 record
surya,run_1_to_run_2,test/13/23/1,run_1,missing run_1 record
surya,run_1_to_run_2,test/13/23/10,run_1,missing run_1 record
surya,run_1_to_run_2,test/13/23/11,run_1,missing run_1 record
surya,run_1_to_run_2,test/13/23/12,run_1,missing run_1 record
surya,run_1_to_run_2,test/13/23/13,run_1,missing run_1 record
surya,run_1_to_run_2,test/13/23/14,run_1,missing run_1 record
surya,run_1_to_run_2,test/13/23/15,run_1,missing run_1 record
surya,run_1_to_run_2,test/13/23/16,run_1,missing run_1 record
surya,run_1_to_run_2,test/13/23/17,run_1,missing run_1 record
surya,run_1_to_run_2,test/13/23/18,run_1,missing run_1 record
surya,run_1_to_run_2,test/13/23/19,run_1,missing run_1 record
surya,run_1_to_run_2,test/13/23/2,run_1,missing run_1 record
surya,run_1_to_run_2,test/13/23/20,run_1,missing run_1 record
surya,run_1_to_run_2,test/13/23/21,run_1,missing run_1 record
surya,run_1_to_run_2,test/13/23/22,run_1,missing run_1 record
surya,run_1_to_run_2,test/13/23/23,run_1,missing run_1 record
surya,run_1_to_run_2,test/13/23/3,run_1,missing run_1 record
surya,run_1_to_run_2,test/13/23/4,run_1,missing run_1 record
surya,run_1_to_run_2,test/13/23/5,run_1,missing run_1 record
surya,run_1_to_run_2,test/13/23/6,run_1,missing run_1 record
surya,run_1_to_run_2,test/13/23/7,run_1,missing run_1 record
surya,run_1_to_run_2,test/13/23/8,run_1,missing run_1 record
surya,run_1_to_run_2,test/13/23/9,run_1,missing run_1 record
surya,run_1_to_run_2,test/13/24/1,run_1,missing run_1 record
surya,run_1_to_run_2,test/13/24/10,run_1,missing run_1 record
surya,run_1_to_run_2,test/13/24/11,run_1,missing run_1 record
surya,run_1_to_run_2,test/13/24/12,run_1,missing run_1 record
surya,run_1_to_run_2,test/13/24/13,run_1,missing run_1 record
surya,run_1_to_run_2,test/13/24/14,run_1,missing run_1 record
surya,run_1_to_run_2,test/13/24/15,run_1,missing run_1 record
surya,run_1_to_run_2,test/13/24/16,run_1,missing run_1 record
surya,run_1_to_run_2,test/13/24/17,run_1,missing run_1 record
surya,run_1_to_run_2,test/13/24/18,run_1,missing run_1 record
surya,run_1_to_run_2,test/13/24/19,run_1,missing run_1 record
surya,run_1_to_run_2,test/13/24/2,run_1,missing run_1 record
surya,run_1_to_run_2,test/13/24/20,run_1,missing run_1 record
surya,run_1_to_run_2,test/13/24/21,run_1,missing run_1 record
surya,run_1_to_run_2,test/13/24/22,run_1,missing run_1 record
surya,run_1_to_run_2,test/13/24/23,run_1,missing run_1 record
surya,run_1_to_run_2,test/13/24/3,run_1,missing run_1 record
surya,run_1_to_run_2,test/13/24/4,run_1,missing run_1 record
surya,run_1_to_run_2,test/13/24/5,run_1,missing run_1 record
surya,run_1_to_run_2,test/13/24/6,run_1,missing run_1 record
surya,run_1_to_run_2,test/13/24/7,run_1,missing run_1 record
surya,run_1_to_run_2,test/13/24/8,run_1,missing run_1 record
surya,run_1_to_run_2,test/13/24/9,run_1,missing run_1 record
surya,run_1_to_run_2,test/13/32/1,run_1,missing run_1 record
surya,run_1_to_run_2,test/13/32/10,run_1,missing run_1 record
surya,run_1_to_run_2,test/13/32/11,run_1,missing run_1 record
surya,run_1_to_run_2,test/13/32/12,run_1,missing run_1 record
surya,run_1_to_run_2,test/13/32/13,run_1,missing run_1 record
surya,run_1_to_run_2,test/13/32/14,run_1,missing run_1 record
surya,run_1_to_run_2,test/13/32/15,run_1,missing run_1 record
surya,run_1_to_run_2,test/13/32/16,run_1,missing run_1 record
surya,run_1_to_run_2,test/13/32/17,run_1,missing run_1 record
surya,run_1_to_run_2,test/13/32/18,run_1,missing run_1 record
surya,run_1_to_run_2,test/13/32/19,run_1,missing run_1 record
surya,run_1_to_run_2,test/13/32/2,run_1,missing run_1 record
surya,run_1_to_run_2,test/13/32/20,run_1,missing run_1 record
surya,run_1_to_run_2,test/13/32/21,run_1,missing run_1 record
surya,run_1_to_run_2,test/13/32/22,run_1,missing run_1 record
surya,run_1_to_run_2,test/13/32/23,run_1,missing run_1 record
surya,run_1_to_run_2,test/13/32/24,run_1,missing run_1 record
surya,run_1_to_run_2,test/13/32/25,run_1,missing run_1 record
surya,run_1_to_run_2,test/13/32/26,run_1,missing run_1 record
surya,run_1_to_run_2,test/13/32/3,run_1,missing run_1 record
surya,run_1_to_run_2,test/13/32/4,run_1,missing run_1 record
surya,run_1_to_run_2,test/13/32/5,run_1,missing run_1 record
surya,run_1_to_run_2,test/13/32/6,run_1,missing run_1 record
surya,run_1_to_run_2,test/13/32/7,run_1,missing run_1 record
surya,run_1_to_run_2,test/13/32/8,run_1,missing run_1 record
surya,run_1_to_run_2,test/13/32/9,run_1,missing run_1 record
surya,run_1_to_run_2,val/10/108/1,run_1,missing run_1 record
surya,run_1_to_run_2,val/10/108/10,run_1,missing run_1 record
surya,run_1_to_run_2,val/10/108/11,run_1,missing run_1 record
surya,run_1_to_run_2,val/10/108/12,run_1,missing run_1 record
surya,run_1_to_run_2,val/10/108/13,run_1,missing run_1 record
surya,run_1_to_run_2,val/10/108/14,run_1,missing run_1 record
surya,run_1_to_run_2,val/10/108/15,run_1,missing run_1 record
surya,run_1_to_run_2,val/10/108/16,run_1,missing run_1 record
surya,run_1_to_run_2,val/10/108/17,run_1,missing run_1 record
surya,run_1_to_run_2,val/10/108/18,run_1,missing run_1 record
surya,run_1_to_run_2,val/10/108/19,run_1,missing run_1 record
surya,run_1_to_run_2,val/10/108/2,run_1,missing run_1 record
surya,run_1_to_run_2,val/10/108/20,run_1,missing run_1 record
surya,run_1_to_run_2,val/10/108/21,run_1,missing run_1 record
surya,run_1_to_run_2,val/10/108/22,run_1,missing run_1 record
surya,run_1_to_run_2,val/10/108/3,run_1,missing run_1 record
surya,run_1_to_run_2,val/10/108/4,run_1,missing run_1 record
surya,run_1_to_run_2,val/10/108/5,run_1,missing run_1 record
surya,run_1_to_run_2,val/10/108/6,run_1,missing run_1 record
surya,run_1_to_run_2,val/10/108/7,run_1,missing run_1 record
surya,run_1_to_run_2,val/10/108/8,run_1,missing run_1 record
surya,run_1_to_run_2,val/10/108/9,run_1,missing run_1 record
surya,run_1_to_run_2,val/10/179/1,run_1,missing run_1 record
surya,run_1_to_run_2,val/10/179/10,run_1,missing run_1 record
surya,run_1_to_run_2,val/10/179/11,run_1,missing run_1 record
surya,run_1_to_run_2,val/10/179/12,run_1,missing run_1 record
surya,run_1_to_run_2,val/10/179/13,run_1,missing run_1 record
surya,run_1_to_run_2,val/10/179/14,run_1,missing run_1 record
surya,run_1_to_run_2,val/10/179/15,run_1,missing run_1 record
surya,run_1_to_run_2,val/10/179/16,run_1,missing run_1 record
surya,run_1_to_run_2,val/10/179/17,run_1,missing run_1 record
surya,run_1_to_run_2,val/10/179/18,run_1,missing run_1 record
surya,run_1_to_run_2,val/10/179/19,run_1,missing run_1 record
surya,run_1_to_run_2,val/10/179/2,run_1,missing run_1 record
surya,run_1_to_run_2,val/10/179/20,run_1,missing run_1 record
surya,run_1_to_run_2,val/10/179/21,run_1,missing run_1 record
surya,run_1_to_run_2,val/10/179/22,run_1,missing run_1 record
surya,run_1_to_run_2,val/10/179/23,run_1,missing run_1 record
surya,run_1_to_run_2,val/10/179/24,run_1,missing run_1 record
surya,run_1_to_run_2,val/10/179/25,run_1,missing run_1 record
surya,run_1_to_run_2,val/10/179/26,run_1,missing run_1 record
surya,run_1_to_run_2,val/10/179/3,run_1,missing run_1 record
surya,run_1_to_run_2,val/10/179/4,run_1,missing run_1 record
surya,run_1_to_run_2,val/10/179/5,run_1,missing run_1 record
surya,run_1_to_run_2,val/10/179/6,run_1,missing run_1 record
surya,run_1_to_run_2,val/10/179/7,run_1,missing run_1 record
surya,run_1_to_run_2,val/10/179/8,run_1,missing run_1 record
surya,run_1_to_run_2,val/10/179/9,run_1,missing run_1 record
surya,run_1_to_run_2,val/10/350/1,run_1,missing run_1 record
surya,run_1_to_run_2,val/10/350/10,run_1,missing run_1 record
surya,run_1_to_run_2,val/10/350/11,run_1,missing run_1 record
surya,run_1_to_run_2,val/10/350/12,run_1,missing run_1 record
surya,run_1_to_run_2,val/10/350/13,run_1,missing run_1 record
surya,run_1_to_run_2,val/10/350/14,run_1,missing run_1 record
surya,run_1_to_run_2,val/10/350/15,run_1,missing run_1 record
surya,run_1_to_run_2,val/10/350/16,run_1,missing run_1 record
surya,run_1_to_run_2,val/10/350/17,run_1,missing run_1 record
surya,run_1_to_run_2,val/10/350/18,run_1,missing run_1 record
surya,run_1_to_run_2,val/10/350/19,run_1,missing run_1 record
surya,run_1_to_run_2,val/10/350/2,run_1,missing run_1 record
surya,run_1_to_run_2,val/10/350/20,run_1,missing run_1 record
surya,run_1_to_run_2,val/10/350/21,run_1,missing run_1 record
surya,run_1_to_run_2,val/10/350/22,run_1,missing run_1 record
surya,run_1_to_run_2,val/10/350/23,run_1,missing run_1 record
surya,run_1_to_run_2,val/10/350/24,run_1,missing run_1 record
surya,run_1_to_run_2,val/10/350/3,run_1,missing run_1 record
surya,run_1_to_run_2,val/10/350/4,run_1,missing run_1 record
surya,run_1_to_run_2,val/10/350/5,run_1,missing run_1 record
surya,run_1_to_run_2,val/10/350/6,run_1,missing run_1 record
surya,run_1_to_run_2,val/10/350/7,run_1,missing run_1 record
surya,run_1_to_run_2,val/10/350/8,run_1,missing run_1 record
surya,run_1_to_run_2,val/10/350/9,run_1,missing run_1 record
surya,run_1_to_run_2,val/10/386/1,run_1,missing run_1 record
surya,run_1_to_run_2,val/10/386/10,run_1,missing run_1 record
surya,run_1_to_run_2,val/10/386/11,run_1,missing run_1 record
surya,run_1_to_run_2,val/10/386/12,run_1,missing run_1 record
surya,run_1_to_run_2,val/10/386/13,run_1,missing run_1 record
surya,run_1_to_run_2,val/10/386/14,run_1,missing run_1 record
surya,run_1_to_run_2,val/10/386/15,run_1,missing run_1 record
surya,run_1_to_run_2,val/10/386/16,run_1,missing run_1 record
surya,run_1_to_run_2,val/10/386/17,run_1,missing run_1 record
surya,run_1_to_run_2,val/10/386/18,run_1,missing run_1 record
surya,run_1_to_run_2,val/10/386/19,run_1,missing run_1 record
surya,run_1_to_run_2,val/10/386/2,run_1,missing run_1 record
surya,run_1_to_run_2,val/10/386/20,run_1,missing run_1 record
surya,run_1_to_run_2,val/10/386/21,run_1,missing run_1 record
surya,run_1_to_run_2,val/10/386/22,run_1,missing run_1 record
surya,run_1_to_run_2,val/10/386/23,run_1,missing run_1 record
surya,run_1_to_run_2,val/10/386/24,run_1,missing run_1 record
surya,run_1_to_run_2,val/10/386/3,run_1,missing run_1 record
surya,run_1_to_run_2,val/10/386/4,run_1,missing run_1 record
surya,run_1_to_run_2,val/10/386/5,run_1,missing run_1 record
surya,run_1_to_run_2,val/10/386/6,run_1,missing run_1 record
surya,run_1_to_run_2,val/10/386/7,run_1,missing run_1 record
surya,run_1_to_run_2,val/10/386/8,run_1,missing run_1 record
surya,run_1_to_run_2,val/10/386/9,run_1,missing run_1 record
surya,run_1_to_run_2,val/10/469/1,run_1,missing run_1 record
surya,run_1_to_run_2,val/10/469/10,run_1,missing run_1 record
surya,run_1_to_run_2,val/10/469/11,run_1,missing run_1 record
surya,run_1_to_run_2,val/10/469/12,run_1,missing run_1 record
surya,run_1_to_run_2,val/10/469/13,run_1,missing run_1 record
surya,run_1_to_run_2,val/10/469/14,run_1,missing run_1 record
surya,run_1_to_run_2,val/10/469/15,run_1,missing run_1 record
surya,run_1_to_run_2,val/10/469/16,run_1,missing run_1 record
surya,run_1_to_run_2,val/10/469/17,run_1,missing run_1 record
surya,run_1_to_run_2,val/10/469/18,run_1,missing run_1 record
surya,run_1_to_run_2,val/10/469/19,run_1,missing run_1 record
surya,run_1_to_run_2,val/10/469/2,run_1,missing run_1 record
surya,run_1_to_run_2,val/10/469/20,run_1,missing run_1 record
surya,run_1_to_run_2,val/10/469/21,run_1,missing run_1 record
surya,run_1_to_run_2,val/10/469/22,run_1,missing run_1 record
surya,run_1_to_run_2,val/10/469/23,run_1,missing run_1 record
surya,run_1_to_run_2,val/10/469/24,run_1,missing run_1 record
surya,run_1_to_run_2,val/10/469/3,run_1,missing run_1 record
surya,run_1_to_run_2,val/10/469/4,run_1,missing run_1 record
surya,run_1_to_run_2,val/10/469/5,run_1,missing run_1 record
surya,run_1_to_run_2,val/10/469/6,run_1,missing run_1 record
surya,run_1_to_run_2,val/10/469/7,run_1,missing run_1 record
surya,run_1_to_run_2,val/10/469/8,run_1,missing run_1 record
surya,run_1_to_run_2,val/10/469/9,run_1,missing run_1 record
surya,run_1_to_run_2,val/10/480/1,run_1,missing run_1 record
surya,run_1_to_run_2,val/10/480/10,run_1,missing run_1 record
surya,run_1_to_run_2,val/10/480/11,run_1,missing run_1 record
surya,run_1_to_run_2,val/10/480/12,run_1,missing run_1 record
surya,run_1_to_run_2,val/10/480/13,run_1,missing run_1 record
surya,run_1_to_run_2,val/10/480/14,run_1,missing run_1 record
surya,run_1_to_run_2,val/10/480/15,run_1,missing run_1 record
surya,run_1_to_run_2,val/10/480/16,run_1,missing run_1 record
surya,run_1_to_run_2,val/10/480/17,run_1,missing run_1 record
surya,run_1_to_run_2,val/10/480/18,run_1,missing run_1 record
surya,run_1_to_run_2,val/10/480/19,run_1,missing run_1 record
surya,run_1_to_run_2,val/10/480/2,run_1,missing run_1 record
surya,run_1_to_run_2,val/10/480/20,run_1,missing run_1 record
surya,run_1_to_run_2,val/10/480/21,run_1,missing run_1 record
surya,run_1_to_run_2,val/10/480/22,run_1,missing run_1 record
surya,run_1_to_run_2,val/10/480/23,run_1,missing run_1 record
surya,run_1_to_run_2,val/10/480/24,run_1,missing run_1 record
surya,run_1_to_run_2,val/10/480/3,run_1,missing run_1 record
surya,run_1_to_run_2,val/10/480/4,run_1,missing run_1 record
surya,run_1_to_run_2,val/10/480/5,run_1,missing run_1 record
surya,run_1_to_run_2,val/10/480/6,run_1,missing run_1 record
surya,run_1_to_run_2,val/10/480/7,run_1,missing run_1 record
surya,run_1_to_run_2,val/10/480/8,run_1,missing run_1 record
surya,run_1_to_run_2,val/10/480/9,run_1,missing run_1 record
surya,run_1_to_run_2,val/10/53/1,run_1,missing run_1 record
surya,run_1_to_run_2,val/10/53/10,run_1,missing run_1 record
surya,run_1_to_run_2,val/10/53/11,run_1,missing run_1 record
surya,run_1_to_run_2,val/10/53/12,run_1,missing run_1 record
surya,run_1_to_run_2,val/10/53/13,run_1,missing run_1 record
surya,run_1_to_run_2,val/10/53/14,run_1,missing run_1 record
surya,run_1_to_run_2,val/10/53/15,run_1,missing run_1 record
surya,run_1_to_run_2,val/10/53/16,run_1,missing run_1 record
surya,run_1_to_run_2,val/10/53/17,run_1,missing run_1 record
surya,run_1_to_run_2,val/10/53/18,run_1,missing run_1 record
surya,run_1_to_run_2,val/10/53/19,run_1,missing run_1 record
surya,run_1_to_run_2,val/10/53/2,run_1,missing run_1 record
surya,run_1_to_run_2,val/10/53/20,run_1,missing run_1 record
surya,run_1_to_run_2,val/10/53/21,run_1,missing run_1 record
surya,run_1_to_run_2,val/10/53/22,run_1,missing run_1 record
surya,run_1_to_run_2,val/10/53/23,run_1,missing run_1 record
surya,run_1_to_run_2,val/10/53/24,run_1,missing run_1 record
surya,run_1_to_run_2,val/10/53/25,run_1,missing run_1 record
surya,run_1_to_run_2,val/10/53/3,run_1,missing run_1 record
surya,run_1_to_run_2,val/10/53/4,run_1,missing run_1 record
surya,run_1_to_run_2,val/10/53/5,run_1,missing run_1 record
surya,run_1_to_run_2,val/10/53/6,run_1,missing run_1 record
surya,run_1_to_run_2,val/10/53/7,run_1,missing run_1 record
surya,run_1_to_run_2,val/10/53/8,run_1,missing run_1 record
surya,run_1_to_run_2,val/10/53/9,run_1,missing run_1 record
surya,run_1_to_run_2,val/10/89/1,run_1,missing run_1 record
surya,run_1_to_run_2,val/10/89/10,run_1,missing run_1 record
surya,run_1_to_run_2,val/10/89/11,run_1,missing run_1 record
surya,run_1_to_run_2,val/10/89/12,run_1,missing run_1 record
surya,run_1_to_run_2,val/10/89/13,run_1,missing run_1 record
surya,run_1_to_run_2,val/10/89/14,run_1,missing run_1 record
surya,run_1_to_run_2,val/10/89/15,run_1,missing run_1 record
surya,run_1_to_run_2,val/10/89/16,run_1,missing run_1 record
surya,run_1_to_run_2,val/10/89/17,run_1,missing run_1 record
surya,run_1_to_run_2,val/10/89/18,run_1,missing run_1 record
surya,run_1_to_run_2,val/10/89/19,run_1,missing run_1 record
surya,run_1_to_run_2,val/10/89/2,run_1,missing run_1 record
surya,run_1_to_run_2,val/10/89/20,run_1,missing run_1 record
surya,run_1_to_run_2,val/10/89/21,run_1,missing run_1 record
surya,run_1_to_run_2,val/10/89/22,run_1,missing run_1 record
surya,run_1_to_run_2,val/10/89/23,run_1,missing run_1 record
surya,run_1_to_run_2,val/10/89/3,run_1,missing run_1 record
surya,run_1_to_run_2,val/10/89/4,run_1,missing run_1 record
surya,run_1_to_run_2,val/10/89/5,run_1,missing run_1 record
surya,run_1_to_run_2,val/10/89/6,run_1,missing run_1 record
surya,run_1_to_run_2,val/10/89/7,run_1,missing run_1 record
surya,run_1_to_run_2,val/10/89/8,run_1,missing run_1 record
surya,run_1_to_run_2,val/10/89/9,run_1,missing run_1 record
surya,run_1_to_run_2,val/4/149/1,run_1,missing run_1 record
surya,run_1_to_run_2,val/4/149/10,run_1,missing run_1 record
surya,run_1_to_run_2,val/4/149/11,run_1,missing run_1 record
surya,run_1_to_run_2,val/4/149/12,run_1,missing run_1 record
surya,run_1_to_run_2,val/4/149/13,run_1,missing run_1 record
surya,run_1_to_run_2,val/4/149/14,run_1,missing run_1 record
surya,run_1_to_run_2,val/4/149/15,run_1,missing run_1 record
surya,run_1_to_run_2,val/4/149/16,run_1,missing run_1 record
surya,run_1_to_run_2,val/4/149/17,run_1,missing run_1 record
surya,run_1_to_run_2,val/4/149/18,run_1,missing run_1 record
surya,run_1_to_run_2,val/4/149/19,run_1,missing run_1 record
surya,run_1_to_run_2,val/4/149/2,run_1,missing run_1 record
surya,run_1_to_run_2,val/4/149/20,run_1,missing run_1 record
surya,run_1_to_run_2,val/4/149/21,run_1,missing run_1 record
surya,run_1_to_run_2,val/4/149/22,run_1,missing run_1 record
surya,run_1_to_run_2,val/4/149/23,run_1,missing run_1 record
surya,run_1_to_run_2,val/4/149/24,run_1,missing run_1 record
surya,run_1_to_run_2,val/4/149/3,run_1,missing run_1 record
surya,run_1_to_run_2,val/4/149/4,run_1,missing run_1 record
surya,run_1_to_run_2,val/4/149/5,run_1,missing run_1 record
surya,run_1_to_run_2,val/4/149/6,run_1,missing run_1 record
surya,run_1_to_run_2,val/4/149/7,run_1,missing run_1 record
surya,run_1_to_run_2,val/4/149/8,run_1,missing run_1 record
surya,run_1_to_run_2,val/4/149/9,run_1,missing run_1 record
surya,run_1_to_run_2,val/4/155/1,run_1,missing run_1 record
surya,run_1_to_run_2,val/4/155/10,run_1,missing run_1 record
surya,run_1_to_run_2,val/4/155/11,run_1,missing run_1 record
surya,run_1_to_run_2,val/4/155/12,run_1,missing run_1 record
surya,run_1_to_run_2,val/4/155/13,run_1,missing run_1 record
surya,run_1_to_run_2,val/4/155/14,run_1,missing run_1 record
surya,run_1_to_run_2,val/4/155/15,run_1,missing run_1 record
surya,run_1_to_run_2,val/4/155/16,run_1,missing run_1 record
surya,run_1_to_run_2,val/4/155/17,run_1,missing run_1 record
surya,run_1_to_run_2,val/4/155/18,run_1,missing run_1 record
surya,run_1_to_run_2,val/4/155/19,run_1,missing run_1 record
surya,run_1_to_run_2,val/4/155/2,run_1,missing run_1 record
surya,run_1_to_run_2,val/4/155/20,run_1,missing run_1 record
surya,run_1_to_run_2,val/4/155/21,run_1,missing run_1 record
surya,run_1_to_run_2,val/4/155/22,run_1,missing run_1 record
surya,run_1_to_run_2,val/4/155/23,run_1,missing run_1 record
surya,run_1_to_run_2,val/4/155/24,run_1,missing run_1 record
surya,run_1_to_run_2,val/4/155/3,run_1,missing run_1 record
surya,run_1_to_run_2,val/4/155/4,run_1,missing run_1 record
surya,run_1_to_run_2,val/4/155/5,run_1,missing run_1 record
surya,run_1_to_run_2,val/4/155/6,run_1,missing run_1 record
surya,run_1_to_run_2,val/4/155/7,run_1,missing run_1 record
surya,run_1_to_run_2,val/4/155/8,run_1,missing run_1 record
surya,run_1_to_run_2,val/4/155/9,run_1,missing run_1 record
surya,run_1_to_run_2,val/4/189/1,run_1,missing run_1 record
surya,run_1_to_run_2,val/4/189/10,run_1,missing run_1 record
surya,run_1_to_run_2,val/4/189/11,run_1,missing run_1 record
surya,run_1_to_run_2,val/4/189/12,run_1,missing run_1 record
surya,run_1_to_run_2,val/4/189/13,run_1,missing run_1 record
surya,run_1_to_run_2,val/4/189/14,run_1,missing run_1 record
surya,run_1_to_run_2,val/4/189/15,run_1,missing run_1 record
surya,run_1_to_run_2,val/4/189/16,run_1,missing run_1 record
surya,run_1_to_run_2,val/4/189/17,run_1,missing run_1 record
surya,run_1_to_run_2,val/4/189/18,run_1,missing run_1 record
surya,run_1_to_run_2,val/4/189/19,run_1,missing run_1 record
surya,run_1_to_run_2,val/4/189/2,run_1,missing run_1 record
surya,run_1_to_run_2,val/4/189/20,run_1,missing run_1 record
surya,run_1_to_run_2,val/4/189/21,run_1,missing run_1 record
surya,run_1_to_run_2,val/4/189/3,run_1,missing run_1 record
surya,run_1_to_run_2,val/4/189/4,run_1,missing run_1 record
surya,run_1_to_run_2,val/4/189/5,run_1,missing run_1 record
surya,run_1_to_run_2,val/4/189/6,run_1,missing run_1 record
surya,run_1_to_run_2,val/4/189/7,run_1,missing run_1 record
surya,run_1_to_run_2,val/4/189/8,run_1,missing run_1 record
surya,run_1_to_run_2,val/4/189/9,run_1,missing run_1 record
surya,run_1_to_run_2,val/4/206/1,run_1,missing run_1 record
surya,run_1_to_run_2,val/4/206/10,run_1,missing run_1 record
surya,run_1_to_run_2,val/4/206/11,run_1,missing run_1 record
surya,run_1_to_run_2,val/4/206/12,run_1,missing run_1 record
surya,run_1_to_run_2,val/4/206/13,run_1,missing run_1 record
surya,run_1_to_run_2,val/4/206/14,run_1,missing run_1 record
surya,run_1_to_run_2,val/4/206/15,run_1,missing run_1 record
surya,run_1_to_run_2,val/4/206/16,run_1,missing run_1 record
surya,run_1_to_run_2,val/4/206/17,run_1,missing run_1 record
surya,run_1_to_run_2,val/4/206/18,run_1,missing run_1 record
surya,run_1_to_run_2,val/4/206/19,run_1,missing run_1 record
surya,run_1_to_run_2,val/4/206/2,run_1,missing run_1 record
surya,run_1_to_run_2,val/4/206/20,run_1,missing run_1 record
surya,run_1_to_run_2,val/4/206/21,run_1,missing run_1 record
surya,run_1_to_run_2,val/4/206/22,run_1,missing run_1 record
surya,run_1_to_run_2,val/4/206/23,run_1,missing run_1 record
surya,run_1_to_run_2,val/4/206/24,run_1,missing run_1 record
surya,run_1_to_run_2,val/4/206/25,run_1,missing run_1 record
surya,run_1_to_run_2,val/4/206/3,run_1,missing run_1 record
surya,run_1_to_run_2,val/4/206/4,run_1,missing run_1 record
surya,run_1_to_run_2,val/4/206/5,run_1,missing run_1 record
surya,run_1_to_run_2,val/4/206/6,run_1,missing run_1 record
surya,run_1_to_run_2,val/4/206/7,run_1,missing run_1 record
surya,run_1_to_run_2,val/4/206/8,run_1,missing run_1 record
surya,run_1_to_run_2,val/4/206/9,run_1,missing run_1 record
surya,run_1_to_run_2,val/4/219/1,run_1,missing run_1 record
surya,run_1_to_run_2,val/4/219/10,run_1,missing run_1 record
surya,run_1_to_run_2,val/4/219/11,run_1,missing run_1 record
surya,run_1_to_run_2,val/4/219/12,run_1,missing run_1 record
surya,run_1_to_run_2,val/4/219/13,run_1,missing run_1 record
surya,run_1_to_run_2,val/4/219/14,run_1,missing run_1 record
surya,run_1_to_run_2,val/4/219/15,run_1,missing run_1 record
surya,run_1_to_run_2,val/4/219/16,run_1,missing run_1 record
surya,run_1_to_run_2,val/4/219/17,run_1,missing run_1 record
surya,run_1_to_run_2,val/4/219/18,run_1,missing run_1 record
surya,run_1_to_run_2,val/4/219/19,run_1,missing run_1 record
surya,run_1_to_run_2,val/4/219/2,run_1,missing run_1 record
surya,run_1_to_run_2,val/4/219/20,run_1,missing run_1 record
surya,run_1_to_run_2,val/4/219/21,run_1,missing run_1 record
surya,run_1_to_run_2,val/4/219/22,run_1,missing run_1 record
surya,run_1_to_run_2,val/4/219/3,run_1,missing run_1 record
surya,run_1_to_run_2,val/4/219/4,run_1,missing run_1 record
surya,run_1_to_run_2,val/4/219/5,run_1,missing run_1 record
surya,run_1_to_run_2,val/4/219/6,run_1,missing run_1 record
surya,run_1_to_run_2,val/4/219/7,run_1,missing run_1 record
surya,run_1_to_run_2,val/4/219/8,run_1,missing run_1 record
surya,run_1_to_run_2,val/4/219/9,run_1,missing run_1 record
surya,run_1_to_run_2,val/4/233/1,run_1,missing run_1 record
surya,run_1_to_run_2,val/4/233/10,run_1,missing run_1 record
surya,run_1_to_run_2,val/4/233/11,run_1,missing run_1 record
surya,run_1_to_run_2,val/4/233/12,run_1,missing run_1 record
surya,run_1_to_run_2,val/4/233/13,run_1,missing run_1 record
surya,run_1_to_run_2,val/4/233/14,run_1,missing run_1 record
surya,run_1_to_run_2,val/4/233/15,run_1,missing run_1 record
surya,run_1_to_run_2,val/4/233/16,run_1,missing run_1 record
surya,run_1_to_run_2,val/4/233/17,run_1,missing run_1 record
surya,run_1_to_run_2,val/4/233/18,run_1,missing run_1 record
surya,run_1_to_run_2,val/4/233/19,run_1,missing run_1 record
surya,run_1_to_run_2,val/4/233/2,run_1,missing run_1 record
surya,run_1_to_run_2,val/4/233/20,run_1,missing run_1 record
surya,run_1_to_run_2,val/4/233/21,run_1,missing run_1 record
surya,run_1_to_run_2,val/4/233/22,run_1,missing run_1 record
surya,run_1_to_run_2,val/4/233/3,run_1,missing run_1 record
surya,run_1_to_run_2,val/4/233/4,run_1,missing run_1 record
surya,run_1_to_run_2,val/4/233/5,run_1,missing run_1 record
surya,run_1_to_run_2,val/4/233/6,run_1,missing run_1 record
surya,run_1_to_run_2,val/4/233/7,run_1,missing run_1 record
surya,run_1_to_run_2,val/4/233/8,run_1,missing run_1 record
surya,run_1_to_run_2,val/4/233/9,run_1,missing run_1 record
surya,run_1_to_run_2,val/4/238/1,run_1,missing run_1 record
surya,run_1_to_run_2,val/4/238/10,run_1,missing run_1 record
surya,run_1_to_run_2,val/4/238/11,run_1,missing run_1 record
surya,run_1_to_run_2,val/4/238/12,run_1,missing run_1 record
surya,run_1_to_run_2,val/4/238/13,run_1,missing run_1 record
surya,run_1_to_run_2,val/4/238/14,run_1,missing run_1 record
surya,run_1_to_run_2,val/4/238/15,run_1,missing run_1 record
surya,run_1_to_run_2,val/4/238/16,run_1,missing run_1 record
surya,run_1_to_run_2,val/4/238/17,run_1,missing run_1 record
surya,run_1_to_run_2,val/4/238/18,run_1,missing run_1 record
surya,run_1_to_run_2,val/4/238/19,run_1,missing run_1 record
surya,run_1_to_run_2,val/4/238/2,run_1,missing run_1 record
surya,run_1_to_run_2,val/4/238/20,run_1,missing run_1 record
surya,run_1_to_run_2,val/4/238/21,run_1,missing run_1 record
surya,run_1_to_run_2,val/4/238/22,run_1,missing run_1 record
surya,run_1_to_run_2,val/4/238/23,run_1,missing run_1 record
surya,run_1_to_run_2,val/4/238/24,run_1,missing run_1 record
surya,run_1_to_run_2,val/4/238/3,run_1,missing run_1 record
surya,run_1_to_run_2,val/4/238/4,run_1,missing run_1 record
surya,run_1_to_run_2,val/4/238/5,run_1,missing run_1 record
surya,run_1_to_run_2,val/4/238/6,run_1,missing run_1 record
surya,run_1_to_run_2,val/4/238/7,run_1,missing run_1 record
surya,run_1_to_run_2,val/4/238/8,run_1,missing run_1 record
surya,run_1_to_run_2,val/4/238/9,run_1,missing run_1 record
surya,run_1_to_run_2,val/4/69/1,run_1,missing run_1 record
surya,run_1_to_run_2,val/4/69/10,run_1,missing run_1 record
surya,run_1_to_run_2,val/4/69/11,run_1,missing run_1 record
surya,run_1_to_run_2,val/4/69/12,run_1,missing run_1 record
surya,run_1_to_run_2,val/4/69/13,run_1,missing run_1 record
surya,run_1_to_run_2,val/4/69/14,run_1,missing run_1 record
surya,run_1_to_run_2,val/4/69/15,run_1,missing run_1 record
surya,run_1_to_run_2,val/4/69/16,run_1,missing run_1 record
surya,run_1_to_run_2,val/4/69/17,run_1,missing run_1 record
surya,run_1_to_run_2,val/4/69/18,run_1,missing run_1 record
surya,run_1_to_run_2,val/4/69/19,run_1,missing run_1 record
surya,run_1_to_run_2,val/4/69/2,run_1,missing run_1 record
surya,run_1_to_run_2,val/4/69/20,run_1,missing run_1 record
surya,run_1_to_run_2,val/4/69/21,run_1,missing run_1 record
surya,run_1_to_run_2,val/4/69/22,run_1,missing run_1 record
surya,run_1_to_run_2,val/4/69/23,run_1,missing run_1 record
surya,run_1_to_run_2,val/4/69/24,run_1,missing run_1 record
surya,run_1_to_run_2,val/4/69/25,run_1,missing run_1 record
surya,run_1_to_run_2,val/4/69/26,run_1,missing run_1 record
surya,run_1_to_run_2,val/4/69/27,run_1,missing run_1 record
surya,run_1_to_run_2,val/4/69/28,run_1,missing run_1 record
surya,run_1_to_run_2,val/4/69/3,run_1,missing run_1 record
surya,run_1_to_run_2,val/4/69/4,run_1,missing run_1 record
surya,run_1_to_run_2,val/4/69/5,run_1,missing run_1 record
surya,run_1_to_run_2,val/4/69/6,run_1,missing run_1 record
surya,run_1_to_run_2,val/4/69/7,run_1,missing run_1 record
surya,run_1_to_run_2,val/4/69/8,run_1,missing run_1 record
surya,run_1_to_run_2,val/4/69/9,run_1,missing run_1 record
surya,raw_to_run_2,test/13/23/10,raw,missing raw record
surya,raw_to_run_2,test/13/23/11,raw,missing raw record
surya,raw_to_run_2,test/13/23/12,raw,missing raw record
surya,raw_to_run_2,test/13/23/13,raw,missing raw record
surya,raw_to_run_2,test/13/23/14,raw,missing raw record
surya,raw_to_run_2,test/13/23/15,raw,missing raw record
surya,raw_to_run_2,test/13/23/16,raw,missing raw record
surya,raw_to_run_2,test/13/23/17,raw,missing raw record
surya,raw_to_run_2,test/13/23/18,raw,missing raw record
surya,raw_to_run_2,test/13/23/19,raw,missing raw record
surya,raw_to_run_2,test/13/23/20,raw,missing raw record
surya,raw_to_run_2,test/13/23/21,raw,missing raw record
surya,raw_to_run_2,test/13/23/22,raw,missing raw record
surya,raw_to_run_2,test/13/23/23,raw,missing raw record
surya,raw_to_run_2,test/13/23/6,raw,missing raw record
surya,raw_to_run_2,test/13/23/7,raw,missing raw record
surya,raw_to_run_2,test/13/23/8,raw,missing raw record
surya,raw_to_run_2,test/13/23/9,raw,missing raw record
surya,raw_to_run_2,test/13/24/1,raw,missing raw record
surya,raw_to_run_2,test/13/24/10,raw,missing raw record
surya,raw_to_run_2,test/13/24/11,raw,missing raw record
surya,raw_to_run_2,test/13/24/12,raw,missing raw record
surya,raw_to_run_2,test/13/24/13,raw,missing raw record
surya,raw_to_run_2,test/13/24/14,raw,missing raw record
surya,raw_to_run_2,test/13/24/15,raw,missing raw record
surya,raw_to_run_2,test/13/24/16,raw,missing raw record
surya,raw_to_run_2,test/13/24/17,raw,missing raw record
surya,raw_to_run_2,test/13/24/18,raw,missing raw record
surya,raw_to_run_2,test/13/24/19,raw,missing raw record
surya,raw_to_run_2,test/13/24/2,raw,missing raw record
surya,raw_to_run_2,test/13/24/20,raw,missing raw record
surya,raw_to_run_2,test/13/24/21,raw,missing raw record
surya,raw_to_run_2,test/13/24/22,raw,missing raw record
surya,raw_to_run_2,test/13/24/23,raw,missing raw record
surya,raw_to_run_2,test/13/24/3,raw,missing raw record
surya,raw_to_run_2,test/13/24/4,raw,missing raw record
surya,raw_to_run_2,test/13/24/5,raw,missing raw record
surya,raw_to_run_2,test/13/24/6,raw,missing raw record
surya,raw_to_run_2,test/13/24/7,raw,missing raw record
surya,raw_to_run_2,test/13/24/8,raw,missing raw record
surya,raw_to_run_2,test/13/24/9,raw,missing raw record
surya,raw_to_run_2,test/13/32/1,raw,missing raw record
surya,raw_to_run_2,test/13/32/10,raw,missing raw record
surya,raw_to_run_2,test/13/32/11,raw,missing raw record
surya,raw_to_run_2,test/13/32/12,raw,missing raw record
surya,raw_to_run_2,test/13/32/13,raw,missing raw record
surya,raw_to_run_2,test/13/32/14,raw,missing raw record
surya,raw_to_run_2,test/13/32/15,raw,missing raw record
surya,raw_to_run_2,test/13/32/16,raw,missing raw record
surya,raw_to_run_2,test/13/32/17,raw,missing raw record
surya,raw_to_run_2,test/13/32/18,raw,missing raw record
surya,raw_to_run_2,test/13/32/19,raw,missing raw record
surya,raw_to_run_2,test/13/32/2,raw,missing raw record
surya,raw_to_run_2,test/13/32/20,raw,missing raw record
surya,raw_to_run_2,test/13/32/21,raw,missing raw record
surya,raw_to_run_2,test/13/32/22,raw,missing raw record
surya,raw_to_run_2,test/13/32/23,raw,missing raw record
surya,raw_to_run_2,test/13/32/24,raw,missing raw record
surya,raw_to_run_2,test/13/32/25,raw,missing raw record
surya,raw_to_run_2,test/13/32/26,raw,missing raw record
surya,raw_to_run_2,test/13/32/3,raw,missing raw record
surya,raw_to_run_2,test/13/32/4,raw,missing raw record
surya,raw_to_run_2,test/13/32/5,raw,missing raw record
surya,raw_to_run_2,test/13/32/6,raw,missing raw record
surya,raw_to_run_2,test/13/32/7,raw,missing raw record
surya,raw_to_run_2,test/13/32/8,raw,missing raw record
surya,raw_to_run_2,test/13/32/9,raw,missing raw record
surya,raw_to_run_2,val/10/108/1,raw,missing raw record
surya,raw_to_run_2,val/10/108/10,raw,missing raw record
surya,raw_to_run_2,val/10/108/11,raw,missing raw record
surya,raw_to_run_2,val/10/108/12,raw,missing raw record
surya,raw_to_run_2,val/10/108/13,raw,missing raw record
surya,raw_to_run_2,val/10/108/14,raw,missing raw record
surya,raw_to_run_2,val/10/108/15,raw,missing raw record
surya,raw_to_run_2,val/10/108/16,raw,missing raw record
surya,raw_to_run_2,val/10/108/17,raw,missing raw record
surya,raw_to_run_2,val/10/108/18,raw,missing raw record
surya,raw_to_run_2,val/10/108/19,raw,missing raw record
surya,raw_to_run_2,val/10/108/2,raw,missing raw record
surya,raw_to_run_2,val/10/108/20,raw,missing raw record
surya,raw_to_run_2,val/10/108/21,raw,missing raw record
surya,raw_to_run_2,val/10/108/22,raw,missing raw record
surya,raw_to_run_2,val/10/108/3,raw,missing raw record
surya,raw_to_run_2,val/10/108/4,raw,missing raw record
surya,raw_to_run_2,val/10/108/5,raw,missing raw record
surya,raw_to_run_2,val/10/108/6,raw,missing raw record
surya,raw_to_run_2,val/10/108/7,raw,missing raw record
surya,raw_to_run_2,val/10/108/8,raw,missing raw record
surya,raw_to_run_2,val/10/108/9,raw,missing raw record
surya,raw_to_run_2,val/10/179/1,raw,missing raw record
surya,raw_to_run_2,val/10/179/10,raw,missing raw record
surya,raw_to_run_2,val/10/179/11,raw,missing raw record
surya,raw_to_run_2,val/10/179/12,raw,missing raw record
surya,raw_to_run_2,val/10/179/13,raw,missing raw record
surya,raw_to_run_2,val/10/179/14,raw,missing raw record
surya,raw_to_run_2,val/10/179/15,raw,missing raw record
surya,raw_to_run_2,val/10/179/16,raw,missing raw record
surya,raw_to_run_2,val/10/179/17,raw,missing raw record
surya,raw_to_run_2,val/10/179/18,raw,missing raw record
surya,raw_to_run_2,val/10/179/19,raw,missing raw record
surya,raw_to_run_2,val/10/179/2,raw,missing raw record
surya,raw_to_run_2,val/10/179/20,raw,missing raw record
surya,raw_to_run_2,val/10/179/21,raw,missing raw record
surya,raw_to_run_2,val/10/179/22,raw,missing raw record
surya,raw_to_run_2,val/10/179/23,raw,missing raw record
surya,raw_to_run_2,val/10/179/24,raw,missing raw record
surya,raw_to_run_2,val/10/179/25,raw,missing raw record
surya,raw_to_run_2,val/10/179/26,raw,missing raw record
surya,raw_to_run_2,val/10/179/3,raw,missing raw record
surya,raw_to_run_2,val/10/179/4,raw,missing raw record
surya,raw_to_run_2,val/10/179/5,raw,missing raw record
surya,raw_to_run_2,val/10/179/6,raw,missing raw record
surya,raw_to_run_2,val/10/179/7,raw,missing raw record
surya,raw_to_run_2,val/10/179/8,raw,missing raw record
surya,raw_to_run_2,val/10/179/9,raw,missing raw record
surya,raw_to_run_2,val/10/350/1,raw,missing raw record
surya,raw_to_run_2,val/10/350/10,raw,missing raw record
surya,raw_to_run_2,val/10/350/11,raw,missing raw record
surya,raw_to_run_2,val/10/350/12,raw,missing raw record
surya,raw_to_run_2,val/10/350/13,raw,missing raw record
surya,raw_to_run_2,val/10/350/14,raw,missing raw record
surya,raw_to_run_2,val/10/350/15,raw,missing raw record
surya,raw_to_run_2,val/10/350/16,raw,missing raw record
surya,raw_to_run_2,val/10/350/17,raw,missing raw record
surya,raw_to_run_2,val/10/350/18,raw,missing raw record
surya,raw_to_run_2,val/10/350/19,raw,missing raw record
surya,raw_to_run_2,val/10/350/2,raw,missing raw record
surya,raw_to_run_2,val/10/350/20,raw,missing raw record
surya,raw_to_run_2,val/10/350/21,raw,missing raw record
surya,raw_to_run_2,val/10/350/22,raw,missing raw record
surya,raw_to_run_2,val/10/350/23,raw,missing raw record
surya,raw_to_run_2,val/10/350/24,raw,missing raw record
surya,raw_to_run_2,val/10/350/3,raw,missing raw record
surya,raw_to_run_2,val/10/350/4,raw,missing raw record
surya,raw_to_run_2,val/10/350/5,raw,missing raw record
surya,raw_to_run_2,val/10/350/6,raw,missing raw record
surya,raw_to_run_2,val/10/350/7,raw,missing raw record
surya,raw_to_run_2,val/10/350/8,raw,missing raw record
surya,raw_to_run_2,val/10/350/9,raw,missing raw record
surya,raw_to_run_2,val/10/386/1,raw,missing raw record
surya,raw_to_run_2,val/10/386/10,raw,missing raw record
surya,raw_to_run_2,val/10/386/11,raw,missing raw record
surya,raw_to_run_2,val/10/386/12,raw,missing raw record
surya,raw_to_run_2,val/10/386/13,raw,missing raw record
surya,raw_to_run_2,val/10/386/14,raw,missing raw record
surya,raw_to_run_2,val/10/386/15,raw,missing raw record
surya,raw_to_run_2,val/10/386/16,raw,missing raw record
surya,raw_to_run_2,val/10/386/17,raw,missing raw record
surya,raw_to_run_2,val/10/386/18,raw,missing raw record
surya,raw_to_run_2,val/10/386/19,raw,missing raw record
surya,raw_to_run_2,val/10/386/2,raw,missing raw record
surya,raw_to_run_2,val/10/386/20,raw,missing raw record
surya,raw_to_run_2,val/10/386/21,raw,missing raw record
surya,raw_to_run_2,val/10/386/22,raw,missing raw record
surya,raw_to_run_2,val/10/386/23,raw,missing raw record
surya,raw_to_run_2,val/10/386/24,raw,missing raw record
surya,raw_to_run_2,val/10/386/3,raw,missing raw record
surya,raw_to_run_2,val/10/386/4,raw,missing raw record
surya,raw_to_run_2,val/10/386/5,raw,missing raw record
surya,raw_to_run_2,val/10/386/6,raw,missing raw record
surya,raw_to_run_2,val/10/386/7,raw,missing raw record
surya,raw_to_run_2,val/10/386/8,raw,missing raw record
surya,raw_to_run_2,val/10/386/9,raw,missing raw record
surya,raw_to_run_2,val/10/469/1,raw,missing raw record
surya,raw_to_run_2,val/10/469/10,raw,missing raw record
surya,raw_to_run_2,val/10/469/11,raw,missing raw record
surya,raw_to_run_2,val/10/469/12,raw,missing raw record
surya,raw_to_run_2,val/10/469/13,raw,missing raw record
surya,raw_to_run_2,val/10/469/14,raw,missing raw record
surya,raw_to_run_2,val/10/469/15,raw,missing raw record
surya,raw_to_run_2,val/10/469/16,raw,missing raw record
surya,raw_to_run_2,val/10/469/17,raw,missing raw record
surya,raw_to_run_2,val/10/469/18,raw,missing raw record
surya,raw_to_run_2,val/10/469/19,raw,missing raw record
surya,raw_to_run_2,val/10/469/2,raw,missing raw record
surya,raw_to_run_2,val/10/469/20,raw,missing raw record
surya,raw_to_run_2,val/10/469/21,raw,missing raw record
surya,raw_to_run_2,val/10/469/22,raw,missing raw record
surya,raw_to_run_2,val/10/469/23,raw,missing raw record
surya,raw_to_run_2,val/10/469/24,raw,missing raw record
surya,raw_to_run_2,val/10/469/3,raw,missing raw record
surya,raw_to_run_2,val/10/469/4,raw,missing raw record
surya,raw_to_run_2,val/10/469/5,raw,missing raw record
surya,raw_to_run_2,val/10/469/6,raw,missing raw record
surya,raw_to_run_2,val/10/469/7,raw,missing raw record
surya,raw_to_run_2,val/10/469/8,raw,missing raw record
surya,raw_to_run_2,val/10/469/9,raw,missing raw record
surya,raw_to_run_2,val/10/480/1,raw,missing raw record
surya,raw_to_run_2,val/10/480/10,raw,missing raw record
surya,raw_to_run_2,val/10/480/11,raw,missing raw record
surya,raw_to_run_2,val/10/480/12,raw,missing raw record
surya,raw_to_run_2,val/10/480/13,raw,missing raw record
surya,raw_to_run_2,val/10/480/14,raw,missing raw record
surya,raw_to_run_2,val/10/480/15,raw,missing raw record
surya,raw_to_run_2,val/10/480/16,raw,missing raw record
surya,raw_to_run_2,val/10/480/17,raw,missing raw record
surya,raw_to_run_2,val/10/480/18,raw,missing raw record
surya,raw_to_run_2,val/10/480/19,raw,missing raw record
surya,raw_to_run_2,val/10/480/2,raw,missing raw record
surya,raw_to_run_2,val/10/480/20,raw,missing raw record
surya,raw_to_run_2,val/10/480/21,raw,missing raw record
surya,raw_to_run_2,val/10/480/22,raw,missing raw record
surya,raw_to_run_2,val/10/480/23,raw,missing raw record
surya,raw_to_run_2,val/10/480/24,raw,missing raw record
surya,raw_to_run_2,val/10/480/3,raw,missing raw record
surya,raw_to_run_2,val/10/480/4,raw,missing raw record
surya,raw_to_run_2,val/10/480/5,raw,missing raw record
surya,raw_to_run_2,val/10/480/6,raw,missing raw record
surya,raw_to_run_2,val/10/480/7,raw,missing raw record
surya,raw_to_run_2,val/10/480/8,raw,missing raw record
surya,raw_to_run_2,val/10/480/9,raw,missing raw record
surya,raw_to_run_2,val/10/53/1,raw,missing raw record
surya,raw_to_run_2,val/10/53/10,raw,missing raw record
surya,raw_to_run_2,val/10/53/11,raw,missing raw record
surya,raw_to_run_2,val/10/53/12,raw,missing raw record
surya,raw_to_run_2,val/10/53/13,raw,missing raw record
surya,raw_to_run_2,val/10/53/14,raw,missing raw record
surya,raw_to_run_2,val/10/53/15,raw,missing raw record
surya,raw_to_run_2,val/10/53/16,raw,missing raw record
surya,raw_to_run_2,val/10/53/17,raw,missing raw record
surya,raw_to_run_2,val/10/53/18,raw,missing raw record
surya,raw_to_run_2,val/10/53/19,raw,missing raw record
surya,raw_to_run_2,val/10/53/2,raw,missing raw record
surya,raw_to_run_2,val/10/53/20,raw,missing raw record
surya,raw_to_run_2,val/10/53/21,raw,missing raw record
surya,raw_to_run_2,val/10/53/22,raw,missing raw record
surya,raw_to_run_2,val/10/53/23,raw,missing raw record
surya,raw_to_run_2,val/10/53/24,raw,missing raw record
surya,raw_to_run_2,val/10/53/25,raw,missing raw record
surya,raw_to_run_2,val/10/53/3,raw,missing raw record
surya,raw_to_run_2,val/10/53/4,raw,missing raw record
surya,raw_to_run_2,val/10/53/5,raw,missing raw record
surya,raw_to_run_2,val/10/53/6,raw,missing raw record
surya,raw_to_run_2,val/10/53/7,raw,missing raw record
surya,raw_to_run_2,val/10/53/8,raw,missing raw record
surya,raw_to_run_2,val/10/53/9,raw,missing raw record
surya,raw_to_run_2,val/10/89/1,raw,missing raw record
surya,raw_to_run_2,val/10/89/10,raw,missing raw record
surya,raw_to_run_2,val/10/89/11,raw,missing raw record
surya,raw_to_run_2,val/10/89/12,raw,missing raw record
surya,raw_to_run_2,val/10/89/13,raw,missing raw record
surya,raw_to_run_2,val/10/89/14,raw,missing raw record
surya,raw_to_run_2,val/10/89/15,raw,missing raw record
surya,raw_to_run_2,val/10/89/16,raw,missing raw record
surya,raw_to_run_2,val/10/89/17,raw,missing raw record
surya,raw_to_run_2,val/10/89/18,raw,missing raw record
surya,raw_to_run_2,val/10/89/19,raw,missing raw record
surya,raw_to_run_2,val/10/89/2,raw,missing raw record
surya,raw_to_run_2,val/10/89/20,raw,missing raw record
surya,raw_to_run_2,val/10/89/21,raw,missing raw record
surya,raw_to_run_2,val/10/89/22,raw,missing raw record
surya,raw_to_run_2,val/10/89/23,raw,missing raw record
surya,raw_to_run_2,val/10/89/3,raw,missing raw record
surya,raw_to_run_2,val/10/89/4,raw,missing raw record
surya,raw_to_run_2,val/10/89/5,raw,missing raw record
surya,raw_to_run_2,val/10/89/6,raw,missing raw record
surya,raw_to_run_2,val/10/89/7,raw,missing raw record
surya,raw_to_run_2,val/10/89/8,raw,missing raw record
surya,raw_to_run_2,val/10/89/9,raw,missing raw record
surya,raw_to_run_2,val/4/149/1,raw,missing raw record
surya,raw_to_run_2,val/4/149/10,raw,missing raw record
surya,raw_to_run_2,val/4/149/11,raw,missing raw record
surya,raw_to_run_2,val/4/149/12,raw,missing raw record
surya,raw_to_run_2,val/4/149/13,raw,missing raw record
surya,raw_to_run_2,val/4/149/14,raw,missing raw record
surya,raw_to_run_2,val/4/149/15,raw,missing raw record
surya,raw_to_run_2,val/4/149/16,raw,missing raw record
surya,raw_to_run_2,val/4/149/17,raw,missing raw record
surya,raw_to_run_2,val/4/149/18,raw,missing raw record
surya,raw_to_run_2,val/4/149/19,raw,missing raw record
surya,raw_to_run_2,val/4/149/2,raw,missing raw record
surya,raw_to_run_2,val/4/149/20,raw,missing raw record
surya,raw_to_run_2,val/4/149/21,raw,missing raw record
surya,raw_to_run_2,val/4/149/22,raw,missing raw record
surya,raw_to_run_2,val/4/149/23,raw,missing raw record
surya,raw_to_run_2,val/4/149/24,raw,missing raw record
surya,raw_to_run_2,val/4/149/3,raw,missing raw record
surya,raw_to_run_2,val/4/149/4,raw,missing raw record
surya,raw_to_run_2,val/4/149/5,raw,missing raw record
surya,raw_to_run_2,val/4/149/6,raw,missing raw record
surya,raw_to_run_2,val/4/149/7,raw,missing raw record
surya,raw_to_run_2,val/4/149/8,raw,missing raw record
surya,raw_to_run_2,val/4/149/9,raw,missing raw record
surya,raw_to_run_2,val/4/155/1,raw,missing raw record
surya,raw_to_run_2,val/4/155/10,raw,missing raw record
surya,raw_to_run_2,val/4/155/11,raw,missing raw record
surya,raw_to_run_2,val/4/155/12,raw,missing raw record
surya,raw_to_run_2,val/4/155/13,raw,missing raw record
surya,raw_to_run_2,val/4/155/14,raw,missing raw record
surya,raw_to_run_2,val/4/155/15,raw,missing raw record
surya,raw_to_run_2,val/4/155/16,raw,missing raw record
surya,raw_to_run_2,val/4/155/17,raw,missing raw record
surya,raw_to_run_2,val/4/155/18,raw,missing raw record
surya,raw_to_run_2,val/4/155/19,raw,missing raw record
surya,raw_to_run_2,val/4/155/2,raw,missing raw record
surya,raw_to_run_2,val/4/155/20,raw,missing raw record
surya,raw_to_run_2,val/4/155/21,raw,missing raw record
surya,raw_to_run_2,val/4/155/22,raw,missing raw record
surya,raw_to_run_2,val/4/155/23,raw,missing raw record
surya,raw_to_run_2,val/4/155/24,raw,missing raw record
surya,raw_to_run_2,val/4/155/3,raw,missing raw record
surya,raw_to_run_2,val/4/155/4,raw,missing raw record
surya,raw_to_run_2,val/4/155/5,raw,missing raw record
surya,raw_to_run_2,val/4/155/6,raw,missing raw record
surya,raw_to_run_2,val/4/155/7,raw,missing raw record
surya,raw_to_run_2,val/4/155/8,raw,missing raw record
surya,raw_to_run_2,val/4/155/9,raw,missing raw record
surya,raw_to_run_2,val/4/189/1,raw,missing raw record
surya,raw_to_run_2,val/4/189/10,raw,missing raw record
surya,raw_to_run_2,val/4/189/11,raw,missing raw record
surya,raw_to_run_2,val/4/189/12,raw,missing raw record
surya,raw_to_run_2,val/4/189/13,raw,missing raw record
surya,raw_to_run_2,val/4/189/14,raw,missing raw record
surya,raw_to_run_2,val/4/189/15,raw,missing raw record
surya,raw_to_run_2,val/4/189/16,raw,missing raw record
surya,raw_to_run_2,val/4/189/17,raw,missing raw record
surya,raw_to_run_2,val/4/189/18,raw,missing raw record
surya,raw_to_run_2,val/4/189/19,raw,missing raw record
surya,raw_to_run_2,val/4/189/2,raw,missing raw record
surya,raw_to_run_2,val/4/189/20,raw,missing raw record
surya,raw_to_run_2,val/4/189/21,raw,missing raw record
surya,raw_to_run_2,val/4/189/3,raw,missing raw record
surya,raw_to_run_2,val/4/189/4,raw,missing raw record
surya,raw_to_run_2,val/4/189/5,raw,missing raw record
surya,raw_to_run_2,val/4/189/6,raw,missing raw record
surya,raw_to_run_2,val/4/189/7,raw,missing raw record
surya,raw_to_run_2,val/4/189/8,raw,missing raw record
surya,raw_to_run_2,val/4/189/9,raw,missing raw record
surya,raw_to_run_2,val/4/206/1,raw,missing raw record
surya,raw_to_run_2,val/4/206/10,raw,missing raw record
surya,raw_to_run_2,val/4/206/11,raw,missing raw record
surya,raw_to_run_2,val/4/206/12,raw,missing raw record
surya,raw_to_run_2,val/4/206/13,raw,missing raw record
surya,raw_to_run_2,val/4/206/14,raw,missing raw record
surya,raw_to_run_2,val/4/206/15,raw,missing raw record
surya,raw_to_run_2,val/4/206/16,raw,missing raw record
surya,raw_to_run_2,val/4/206/17,raw,missing raw record
surya,raw_to_run_2,val/4/206/18,raw,missing raw record
surya,raw_to_run_2,val/4/206/19,raw,missing raw record
surya,raw_to_run_2,val/4/206/2,raw,missing raw record
surya,raw_to_run_2,val/4/206/20,raw,missing raw record
surya,raw_to_run_2,val/4/206/21,raw,missing raw record
surya,raw_to_run_2,val/4/206/22,raw,missing raw record
surya,raw_to_run_2,val/4/206/23,raw,missing raw record
surya,raw_to_run_2,val/4/206/24,raw,missing raw record
surya,raw_to_run_2,val/4/206/25,raw,missing raw record
surya,raw_to_run_2,val/4/206/3,raw,missing raw record
surya,raw_to_run_2,val/4/206/4,raw,missing raw record
surya,raw_to_run_2,val/4/206/5,raw,missing raw record
surya,raw_to_run_2,val/4/206/6,raw,missing raw record
surya,raw_to_run_2,val/4/206/7,raw,missing raw record
surya,raw_to_run_2,val/4/206/8,raw,missing raw record
surya,raw_to_run_2,val/4/206/9,raw,missing raw record
surya,raw_to_run_2,val/4/219/1,raw,missing raw record
surya,raw_to_run_2,val/4/219/10,raw,missing raw record
surya,raw_to_run_2,val/4/219/11,raw,missing raw record
surya,raw_to_run_2,val/4/219/12,raw,missing raw record
surya,raw_to_run_2,val/4/219/13,raw,missing raw record
surya,raw_to_run_2,val/4/219/14,raw,missing raw record
surya,raw_to_run_2,val/4/219/15,raw,missing raw record
surya,raw_to_run_2,val/4/219/16,raw,missing raw record
surya,raw_to_run_2,val/4/219/17,raw,missing raw record
surya,raw_to_run_2,val/4/219/18,raw,missing raw record
surya,raw_to_run_2,val/4/219/19,raw,missing raw record
surya,raw_to_run_2,val/4/219/2,raw,missing raw record
surya,raw_to_run_2,val/4/219/20,raw,missing raw record
surya,raw_to_run_2,val/4/219/21,raw,missing raw record
surya,raw_to_run_2,val/4/219/22,raw,missing raw record
surya,raw_to_run_2,val/4/219/3,raw,missing raw record
surya,raw_to_run_2,val/4/219/4,raw,missing raw record
surya,raw_to_run_2,val/4/219/5,raw,missing raw record
surya,raw_to_run_2,val/4/219/6,raw,missing raw record
surya,raw_to_run_2,val/4/219/7,raw,missing raw record
surya,raw_to_run_2,val/4/219/8,raw,missing raw record
surya,raw_to_run_2,val/4/219/9,raw,missing raw record
surya,raw_to_run_2,val/4/233/1,raw,missing raw record
surya,raw_to_run_2,val/4/233/10,raw,missing raw record
surya,raw_to_run_2,val/4/233/11,raw,missing raw record
surya,raw_to_run_2,val/4/233/12,raw,missing raw record
surya,raw_to_run_2,val/4/233/13,raw,missing raw record
surya,raw_to_run_2,val/4/233/14,raw,missing raw record
surya,raw_to_run_2,val/4/233/15,raw,missing raw record
surya,raw_to_run_2,val/4/233/16,raw,missing raw record
surya,raw_to_run_2,val/4/233/17,raw,missing raw record
surya,raw_to_run_2,val/4/233/18,raw,missing raw record
surya,raw_to_run_2,val/4/233/19,raw,missing raw record
surya,raw_to_run_2,val/4/233/2,raw,missing raw record
surya,raw_to_run_2,val/4/233/20,raw,missing raw record
surya,raw_to_run_2,val/4/233/21,raw,missing raw record
surya,raw_to_run_2,val/4/233/22,raw,missing raw record
surya,raw_to_run_2,val/4/233/3,raw,missing raw record
surya,raw_to_run_2,val/4/233/4,raw,missing raw record
surya,raw_to_run_2,val/4/233/5,raw,missing raw record
surya,raw_to_run_2,val/4/233/6,raw,missing raw record
surya,raw_to_run_2,val/4/233/7,raw,missing raw record
surya,raw_to_run_2,val/4/233/8,raw,missing raw record
surya,raw_to_run_2,val/4/233/9,raw,missing raw record
surya,raw_to_run_2,val/4/238/1,raw,missing raw record
surya,raw_to_run_2,val/4/238/10,raw,missing raw record
surya,raw_to_run_2,val/4/238/11,raw,missing raw record
surya,raw_to_run_2,val/4/238/12,raw,missing raw record
surya,raw_to_run_2,val/4/238/13,raw,missing raw record
surya,raw_to_run_2,val/4/238/14,raw,missing raw record
surya,raw_to_run_2,val/4/238/15,raw,missing raw record
surya,raw_to_run_2,val/4/238/16,raw,missing raw record
surya,raw_to_run_2,val/4/238/17,raw,missing raw record
surya,raw_to_run_2,val/4/238/18,raw,missing raw record
surya,raw_to_run_2,val/4/238/19,raw,missing raw record
surya,raw_to_run_2,val/4/238/2,raw,missing raw record
surya,raw_to_run_2,val/4/238/20,raw,missing raw record
surya,raw_to_run_2,val/4/238/21,raw,missing raw record
surya,raw_to_run_2,val/4/238/22,raw,missing raw record
surya,raw_to_run_2,val/4/238/23,raw,missing raw record
surya,raw_to_run_2,val/4/238/24,raw,missing raw record
surya,raw_to_run_2,val/4/238/3,raw,missing raw record
surya,raw_to_run_2,val/4/238/4,raw,missing raw record
surya,raw_to_run_2,val/4/238/5,raw,missing raw record
surya,raw_to_run_2,val/4/238/6,raw,missing raw record
surya,raw_to_run_2,val/4/238/7,raw,missing raw record
surya,raw_to_run_2,val/4/238/8,raw,missing raw record
surya,raw_to_run_2,val/4/238/9,raw,missing raw record
surya,raw_to_run_2,val/4/69/1,raw,missing raw record
surya,raw_to_run_2,val/4/69/10,raw,missing raw record
surya,raw_to_run_2,val/4/69/11,raw,missing raw record
surya,raw_to_run_2,val/4/69/12,raw,missing raw record
surya,raw_to_run_2,val/4/69/13,raw,missing raw record
surya,raw_to_run_2,val/4/69/14,raw,missing raw record
surya,raw_to_run_2,val/4/69/15,raw,missing raw record
surya,raw_to_run_2,val/4/69/16,raw,missing raw record
surya,raw_to_run_2,val/4/69/17,raw,missing raw record
surya,raw_to_run_2,val/4/69/18,raw,missing raw record
surya,raw_to_run_2,val/4/69/19,raw,missing raw record
surya,raw_to_run_2,val/4/69/2,raw,missing raw record
surya,raw_to_run_2,val/4/69/20,raw,missing raw record
surya,raw_to_run_2,val/4/69/21,raw,missing raw record
surya,raw_to_run_2,val/4/69/22,raw,missing raw record
surya,raw_to_run_2,val/4/69/23,raw,missing raw record
surya,raw_to_run_2,val/4/69/24,raw,missing raw record
surya,raw_to_run_2,val/4/69/25,raw,missing raw record
surya,raw_to_run_2,val/4/69/26,raw,missing raw record
surya,raw_to_run_2,val/4/69/27,raw,missing raw record
surya,raw_to_run_2,val/4/69/28,raw,missing raw record
surya,raw_to_run_2,val/4/69/3,raw,missing raw record
surya,raw_to_run_2,val/4/69/4,raw,missing raw record
surya,raw_to_run_2,val/4/69/5,raw,missing raw record
surya,raw_to_run_2,val/4/69/6,raw,missing raw record
surya,raw_to_run_2,val/4/69/7,raw,missing raw record
surya,raw_to_run_2,val/4/69/8,raw,missing raw record
surya,raw_to_run_2,val/4/69/9,raw,missing raw record
